step	accuracy
0	0.32380953431129456
1	0.380952388048172
2	0.5047619342803955
3	0.6095238327980042
4	0.6190476417541504
5	0.5428571701049805
6	0.6095238327980042
7	0.6190476417541504
8	0.6571428775787354
9	0.723809540271759
