step	loss
0	2.8678109645843506
1	2.234518527984619
2	1.3401662111282349
3	1.1789783239364624
4	1.1757221221923828
5	1.8029205799102783
6	0.951249361038208
7	0.7619234919548035
8	0.7848445177078247
9	0.6122807264328003
