step	loss
0	3.9176995754241943
1	0.9235049486160278
2	0.6936421990394592
3	0.6908453106880188
4	0.5607183575630188
5	0.6986804604530334
6	0.47522836923599243
7	0.49457427859306335
8	0.429221510887146
9	0.7012178301811218

