{
    "train": {
        "loss": 0.512387752532959,
        "accuracy": 0.7428571581840515
    },
    "eval": {
        "loss": 0.6503058671951294,
        "accuracy": 0.644444465637207
    },
    "epochs": 10,
    "steps": 9,
    "test_loss": 0.6503058671951294,
    "test_acc": 0.644444465637207
}
