{
    "train": {
        "loss": 0.25578078627586365,
        "accuracy": 0.9142857193946838
    },
    "eval": {
        "loss": 0.2961651384830475,
        "accuracy": 0.8666666746139526
    },
    "step": 29,
    "test_loss": 0.2961651384830475,
    "test_acc": 0.8666666746139526
}
