{
    "train": {
        "loss": 0.3708306849002838,
        "accuracy": 0.8666666746139526
    },
    "eval": {
        "loss": 0.3635517656803131,
        "accuracy": 0.8444444537162781
    },
    "step": 29,
    "test_loss": 0.3635517656803131,
    "test_acc": 0.8444444537162781
}
