{
    "train": {
        "loss": 0.6122807264328003,
        "accuracy": 0.723809540271759
    },
    "eval": {
        "loss": 0.5131712555885315,
        "accuracy": 0.800000011920929
    },
    "step": 9,
    "test_loss": 0.5131712555885315,
    "test_acc": 0.800000011920929
}
