{
    "train": {
        "loss": 0.22663453221321106,
        "accuracy": 0.9238095283508301
    },
    "eval": {
        "loss": 0.21378332376480103,
        "accuracy": 0.8666666746139526
    },
    "step": 29,
    "test_loss": 0.21378332376480103,
    "test_acc": 0.8666666746139526
}
