step	accuracy
0	0.42222222685813904
1	0.6666666865348816
2	0.46666666865348816
3	0.6666666865348816
4	0.5111111402511597
5	0.644444465637207
6	0.7333333492279053
7	0.6222222447395325
8	0.7333333492279053
9	0.800000011920929
