step	loss
0	1.6835929155349731
1	0.8375087976455688
2	0.9309017658233643
3	0.606930136680603
4	1.734823226928711
5	0.6011954545974731
6	0.5347186923027039
7	0.7257025837898254
8	0.49971169233322144
9	0.5131712555885315
